{"cameraMode":{"drawMode":0,"name":"Shaded","section":"Shading Mode"},"sceneLighting":false,"audioPlay":false,"sceneViewState":{"showFog":true,"showMaterialUpdate":false,"showSkybox":false,"showFlares":true,"showImageEffects":true,"showParticleSystems":true},"in2DMode":false,"pivot":{"x":1215.9000244140625,"y":61.54999542236328,"z":0.0},"rotation":{"x":0.0051025631837546829,"y":-0.9451911449432373,"z":0.3262864947319031,"w":0.014734354801476002},"size":307.46710205078127,"orthographic":false}