{"cameraMode":{"drawMode":0,"name":"Shaded","section":"Shading Mode"},"sceneLighting":true,"audioPlay":false,"sceneViewState":{"showFog":true,"showMaterialUpdate":true,"showSkybox":true,"showFlares":true,"showImageEffects":true,"showParticleSystems":true},"in2DMode":false,"pivot":{"x":90.7640151977539,"y":5.802814483642578,"z":36.206207275390628},"rotation":{"x":-0.031960517168045047,"y":0.9572120904922485,"z":-0.11629246175289154,"w":-0.2630656063556671},"size":3.234982967376709,"orthographic":false}