{"cameraMode":{"drawMode":0,"name":"Shaded","section":"Shading Mode"},"sceneLighting":true,"audioPlay":false,"sceneViewState":{"showFog":true,"showMaterialUpdate":true,"showSkybox":true,"showFlares":true,"showImageEffects":true,"showParticleSystems":true},"in2DMode":false,"pivot":{"x":40.88481140136719,"y":4.40869665145874,"z":-39.3012580871582},"rotation":{"x":-0.029592804610729219,"y":-0.4246993064880371,"z":-0.013235220685601235,"w":0.9047996997833252},"size":1.896582007408142,"orthographic":false}